<?xml version='1.0'?>
<Table>
	<Catalog> 
		<Version>292</Version> 
		<AppliedMigrations>0 1 2 3 4 5 6 7 8 9 10 11 12 13 14 15 16 17 18 19 20 21 22 23 24 25 26 27 28 29 30 31 32 33 34 35 36 37 38 39 40 41 42 43 44 45 46 47 48 49 50 51 52 53 54 55 56 57 58 59 60 61 62 63 64 65 66 67 68 69 70 71 72 73 74 75 76 77 78 80 81 82 83 84 86 87 88 89 90 91 92 93 94 95 96 97 98 99 100 101 102 103 104 105 106 107 108 109 110 111 112 113 114 115 116 118 119 120 122 123 124 125 126 127 128 129 130 131 132 133 134 135 136 137 138 140 141 142 144 145 146 147 148 149 150 151 152 153 154 155 156 157 158 159 160 161 162 163 164 166 167 168 169 170 171 174 175 176 177 178 179 180 181 182 183 184 185 186 187 188 189 190 191 192 193 194 195 196 197 198 199 200 201 202 203 204 205 206 207 208 209 210 211 212 213 214 215 216 217 218 219 220 221 222 223 224 225 226 227 228 229 230 231 232 233 234 235 236 237 238 239 240 241 242 243 244 245 246 247 248 249 251 252 253 254 256 257 258 259 260 261 262 263 264 265 266 267 268 270 271 272 273 281 282 284 292 </AppliedMigrations>
	</Catalog>
	<Name>SNWD_PD</Name> 
	<IT>PHYSICAL_INDEX</IT>  
	<TF>language_detection auto_replication auto_create_languages use_external_keys auto_merge public </TF>  
	<TFlags>590861</TFlags>  
	<Descr>EPM: Product Data Table</Descr> 
	<IsTmpInd>0</IsTmpInd> 
	<MinTPD>0</MinTPD> 
	<MaxTPD>268435455</MaxTPD> 
	<Flags>0</Flags> 
	<MlangLInd></MlangLInd>
	<NeedExtKeyTF>0</NeedExtKeyTF> 
	<SType>1</SType> 
	<PartSpec></PartSpec> 
	<CAttr>
		<Name>$uc_SNWD_PD~PID$</Name>
		<Attr>CLIENT</Attr>
		<Attr>PRODUCT_ID</Attr>
		<Type>83 524290</Type>
	</CAttr>
	<KeyAttrs>
		<Name>CLIENT</Name>
		<Name>NODE_KEY</Name>
	</KeyAttrs>
	<DefPreAttrs>
 	</DefPreAttrs>
 	<FreeStyleAttrs>
	</FreeStyleAttrs>
	<AllAttrs>
		<Field>
			<Name>CLIENT</Name>
			<SQLType>37</SQLType>
			<ABAPType>32</ABAPType>
			<TrexType>83</TrexType>
			<MdrsType>0</MdrsType>
			<Constr>27</Constr>
			<Offset>64</Offset>
			<Length>3</Length>
			<Scale>0</Scale>
			<OrdPos>0</OrdPos>
			<IdxInGrp>0</IdxInGrp>
			<Collat></Collat>
			<HasDefVal>1</HasDefVal>
			<DefVal>000</DefVal>
			<Descr>Client</Descr>
			<FieldId>201</FieldId> 
			<AttrType>AttributeType[STRING]</AttrType> 
			<Group></Group>
			<IntDigs>0</IntDigs>
			<FractDigs>0 </FractDigs>
			<IFlags>17</IFlags>
			<IParams></IParams>
			<FuzzyMode>0</FuzzyMode>
			<MinVal></MinVal>
			<MaxVal></MaxVal> 
			<UTFlags>1</UTFlags>
			<UType>1</UType>
		</Field>
		<Field>
			<Name>NODE_KEY</Name>
			<SQLType>38</SQLType>
			<ABAPType>32</ABAPType>
			<TrexType>82</TrexType>
			<MdrsType>0</MdrsType>
			<Constr>27</Constr>
			<Offset>64</Offset>
			<Length>16</Length>
			<Scale>0</Scale>
			<OrdPos>1</OrdPos>
			<IdxInGrp>1</IdxInGrp>
			<Collat></Collat>
			<HasDefVal>0</HasDefVal>
			<Descr>EPM: Generic Node Key</Descr>
			<FieldId>202</FieldId> 
			<AttrType>AttributeType[RAW]</AttrType> 
			<Group></Group>
			<IntDigs>0</IntDigs>
			<FractDigs>0 </FractDigs>
			<IFlags>17</IFlags>
			<IParams></IParams>
			<FuzzyMode>0</FuzzyMode>
			<MinVal></MinVal>
			<MaxVal></MaxVal> 
			<UTFlags>1</UTFlags>
			<UType>1</UType>
		</Field>
		<Field>
			<Name>PRODUCT_ID</Name>
			<SQLType>37</SQLType>
			<ABAPType>32</ABAPType>
			<TrexType>83</TrexType>
			<MdrsType>0</MdrsType>
			<Constr>1</Constr>
			<Offset>64</Offset>
			<Length>10</Length>
			<Scale>0</Scale>
			<OrdPos>2</OrdPos>
			<IdxInGrp>2</IdxInGrp>
			<Collat></Collat>
			<HasDefVal>1</HasDefVal>
			<DefVal></DefVal>
			<Descr>EPM: Product ID</Descr>
			<FieldId>203</FieldId> 
			<AttrType>AttributeType[STRING]</AttrType> 
			<Group></Group>
			<IntDigs>0</IntDigs>
			<FractDigs>0 </FractDigs>
			<IFlags>17</IFlags>
			<IParams></IParams>
			<FuzzyMode>0</FuzzyMode>
			<MinVal></MinVal>
			<MaxVal></MaxVal> 
			<UTFlags>1</UTFlags>
			<UType>1</UType>
		</Field>
		<Field>
			<Name>TYPE_CODE</Name>
			<SQLType>37</SQLType>
			<ABAPType>32</ABAPType>
			<TrexType>83</TrexType>
			<MdrsType>0</MdrsType>
			<Constr>1</Constr>
			<Offset>64</Offset>
			<Length>2</Length>
			<Scale>0</Scale>
			<OrdPos>3</OrdPos>
			<IdxInGrp>3</IdxInGrp>
			<Collat></Collat>
			<HasDefVal>1</HasDefVal>
			<DefVal></DefVal>
			<Descr>EPM: Product Type Code</Descr>
			<FieldId>204</FieldId> 
			<AttrType>AttributeType[STRING]</AttrType> 
			<Group></Group>
			<IntDigs>0</IntDigs>
			<FractDigs>0 </FractDigs>
			<IFlags>1</IFlags>
			<IParams></IParams>
			<FuzzyMode>0</FuzzyMode>
			<MinVal></MinVal>
			<MaxVal></MaxVal> 
			<UTFlags>1</UTFlags>
			<UType>1</UType>
		</Field>
		<Field>
			<Name>CATEGORY</Name>
			<SQLType>37</SQLType>
			<ABAPType>32</ABAPType>
			<TrexType>83</TrexType>
			<MdrsType>0</MdrsType>
			<Constr>1</Constr>
			<Offset>64</Offset>
			<Length>40</Length>
			<Scale>0</Scale>
			<OrdPos>4</OrdPos>
			<IdxInGrp>4</IdxInGrp>
			<Collat></Collat>
			<HasDefVal>1</HasDefVal>
			<DefVal></DefVal>
			<Descr>EPM: Product Category</Descr>
			<FieldId>205</FieldId> 
			<AttrType>AttributeType[STRING]</AttrType> 
			<Group></Group>
			<IntDigs>0</IntDigs>
			<FractDigs>0 </FractDigs>
			<IFlags>1</IFlags>
			<IParams></IParams>
			<FuzzyMode>0</FuzzyMode>
			<MinVal></MinVal>
			<MaxVal></MaxVal> 
			<UTFlags>1</UTFlags>
			<UType>1</UType>
		</Field>
		<Field>
			<Name>CREATED_BY</Name>
			<SQLType>38</SQLType>
			<ABAPType>32</ABAPType>
			<TrexType>82</TrexType>
			<MdrsType>0</MdrsType>
			<Constr>0</Constr>
			<Offset>64</Offset>
			<Length>16</Length>
			<Scale>0</Scale>
			<OrdPos>5</OrdPos>
			<IdxInGrp>5</IdxInGrp>
			<Collat></Collat>
			<HasDefVal>0</HasDefVal>
			<Descr>EPM: Generic Node Key</Descr>
			<FieldId>206</FieldId> 
			<AttrType>AttributeType[RAW]</AttrType> 
			<Group></Group>
			<IntDigs>0</IntDigs>
			<FractDigs>0 </FractDigs>
			<IFlags>1</IFlags>
			<IParams></IParams>
			<FuzzyMode>0</FuzzyMode>
			<MinVal></MinVal>
			<MaxVal></MaxVal> 
			<UTFlags>1</UTFlags>
			<UType>1</UType>
		</Field>
		<Field>
			<Name>CREATED_AT</Name>
			<SQLType>34</SQLType>
			<ABAPType>32</ABAPType>
			<TrexType>66</TrexType>
			<MdrsType>0</MdrsType>
			<Constr>1</Constr>
			<Offset>1</Offset>
			<Length>21</Length>
			<Scale>7</Scale>
			<OrdPos>6</OrdPos>
			<IdxInGrp>0</IdxInGrp>
			<Collat></Collat>
			<HasDefVal>1</HasDefVal>
			<DefVal>0</DefVal>
			<Descr>EPM: Created At</Descr>
			<FieldId>207</FieldId> 
			<AttrType>AttributeType[FIXED]</AttrType> 
			<Group></Group>
			<IntDigs>14</IntDigs>
			<FractDigs>7 </FractDigs>
			<IFlags>1</IFlags>
			<IParams></IParams>
			<FuzzyMode>0</FuzzyMode>
			<MinVal></MinVal>
			<MaxVal></MaxVal> 
			<UTFlags>1</UTFlags>
			<UType>1</UType>
		</Field>
		<Field>
			<Name>CHANGED_BY</Name>
			<SQLType>38</SQLType>
			<ABAPType>32</ABAPType>
			<TrexType>82</TrexType>
			<MdrsType>0</MdrsType>
			<Constr>0</Constr>
			<Offset>64</Offset>
			<Length>16</Length>
			<Scale>0</Scale>
			<OrdPos>7</OrdPos>
			<IdxInGrp>6</IdxInGrp>
			<Collat></Collat>
			<HasDefVal>0</HasDefVal>
			<Descr>EPM: Generic Node Key</Descr>
			<FieldId>208</FieldId> 
			<AttrType>AttributeType[RAW]</AttrType> 
			<Group></Group>
			<IntDigs>0</IntDigs>
			<FractDigs>0 </FractDigs>
			<IFlags>1</IFlags>
			<IParams></IParams>
			<FuzzyMode>0</FuzzyMode>
			<MinVal></MinVal>
			<MaxVal></MaxVal> 
			<UTFlags>1</UTFlags>
			<UType>1</UType>
		</Field>
		<Field>
			<Name>CHANGED_AT</Name>
			<SQLType>34</SQLType>
			<ABAPType>32</ABAPType>
			<TrexType>66</TrexType>
			<MdrsType>0</MdrsType>
			<Constr>1</Constr>
			<Offset>11</Offset>
			<Length>21</Length>
			<Scale>7</Scale>
			<OrdPos>8</OrdPos>
			<IdxInGrp>0</IdxInGrp>
			<Collat></Collat>
			<HasDefVal>1</HasDefVal>
			<DefVal>0</DefVal>
			<Descr>EPM: Changed At</Descr>
			<FieldId>209</FieldId> 
			<AttrType>AttributeType[FIXED]</AttrType> 
			<Group></Group>
			<IntDigs>14</IntDigs>
			<FractDigs>7 </FractDigs>
			<IFlags>1</IFlags>
			<IParams></IParams>
			<FuzzyMode>0</FuzzyMode>
			<MinVal></MinVal>
			<MaxVal></MaxVal> 
			<UTFlags>1</UTFlags>
			<UType>1</UType>
		</Field>
		<Field>
			<Name>NAME_GUID</Name>
			<SQLType>38</SQLType>
			<ABAPType>32</ABAPType>
			<TrexType>82</TrexType>
			<MdrsType>0</MdrsType>
			<Constr>0</Constr>
			<Offset>64</Offset>
			<Length>16</Length>
			<Scale>0</Scale>
			<OrdPos>9</OrdPos>
			<IdxInGrp>7</IdxInGrp>
			<Collat></Collat>
			<HasDefVal>0</HasDefVal>
			<Descr>EPM: Generic Node Key</Descr>
			<FieldId>210</FieldId> 
			<AttrType>AttributeType[RAW]</AttrType> 
			<Group></Group>
			<IntDigs>0</IntDigs>
			<FractDigs>0 </FractDigs>
			<IFlags>1</IFlags>
			<IParams></IParams>
			<FuzzyMode>0</FuzzyMode>
			<MinVal></MinVal>
			<MaxVal></MaxVal> 
			<UTFlags>1</UTFlags>
			<UType>1</UType>
		</Field>
		<Field>
			<Name>DESC_GUID</Name>
			<SQLType>38</SQLType>
			<ABAPType>32</ABAPType>
			<TrexType>82</TrexType>
			<MdrsType>0</MdrsType>
			<Constr>0</Constr>
			<Offset>64</Offset>
			<Length>16</Length>
			<Scale>0</Scale>
			<OrdPos>10</OrdPos>
			<IdxInGrp>8</IdxInGrp>
			<Collat></Collat>
			<HasDefVal>0</HasDefVal>
			<Descr>EPM: Generic Node Key</Descr>
			<FieldId>211</FieldId> 
			<AttrType>AttributeType[RAW]</AttrType> 
			<Group></Group>
			<IntDigs>0</IntDigs>
			<FractDigs>0 </FractDigs>
			<IFlags>1</IFlags>
			<IParams></IParams>
			<FuzzyMode>0</FuzzyMode>
			<MinVal></MinVal>
			<MaxVal></MaxVal> 
			<UTFlags>1</UTFlags>
			<UType>1</UType>
		</Field>
		<Field>
			<Name>SUPPLIER_GUID</Name>
			<SQLType>38</SQLType>
			<ABAPType>32</ABAPType>
			<TrexType>82</TrexType>
			<MdrsType>0</MdrsType>
			<Constr>0</Constr>
			<Offset>64</Offset>
			<Length>16</Length>
			<Scale>0</Scale>
			<OrdPos>11</OrdPos>
			<IdxInGrp>9</IdxInGrp>
			<Collat></Collat>
			<HasDefVal>0</HasDefVal>
			<Descr>EPM: Generic Node Key</Descr>
			<FieldId>212</FieldId> 
			<AttrType>AttributeType[RAW]</AttrType> 
			<Group></Group>
			<IntDigs>0</IntDigs>
			<FractDigs>0 </FractDigs>
			<IFlags>1</IFlags>
			<IParams></IParams>
			<FuzzyMode>0</FuzzyMode>
			<MinVal></MinVal>
			<MaxVal></MaxVal> 
			<UTFlags>1</UTFlags>
			<UType>1</UType>
		</Field>
		<Field>
			<Name>TAX_TARIF_CODE</Name>
			<SQLType>41</SQLType>
			<ABAPType>32</ABAPType>
			<TrexType>73</TrexType>
			<MdrsType>0</MdrsType>
			<Constr>1</Constr>
			<Offset>22</Offset>
			<Length>2</Length>
			<Scale>0</Scale>
			<OrdPos>12</OrdPos>
			<IdxInGrp>0</IdxInGrp>
			<Collat></Collat>
			<HasDefVal>1</HasDefVal>
			<DefVal>0</DefVal>
			<Descr>EPM: Product Tax Tariff Code</Descr>
			<FieldId>213</FieldId> 
			<AttrType>AttributeType[INTEGER]</AttrType> 
			<Group></Group>
			<IntDigs>0</IntDigs>
			<FractDigs>0 </FractDigs>
			<IFlags>1</IFlags>
			<IParams></IParams>
			<FuzzyMode>0</FuzzyMode>
			<MinVal></MinVal>
			<MaxVal></MaxVal> 
			<UTFlags>1</UTFlags>
			<UType>1</UType>
		</Field>
		<Field>
			<Name>MEASURE_UNIT</Name>
			<SQLType>37</SQLType>
			<ABAPType>32</ABAPType>
			<TrexType>83</TrexType>
			<MdrsType>0</MdrsType>
			<Constr>1</Constr>
			<Offset>64</Offset>
			<Length>3</Length>
			<Scale>0</Scale>
			<OrdPos>13</OrdPos>
			<IdxInGrp>10</IdxInGrp>
			<Collat></Collat>
			<HasDefVal>1</HasDefVal>
			<DefVal></DefVal>
			<Descr>EPM: Quantity Unit</Descr>
			<FieldId>214</FieldId> 
			<AttrType>AttributeType[STRING]</AttrType> 
			<Group></Group>
			<IntDigs>0</IntDigs>
			<FractDigs>0 </FractDigs>
			<IFlags>1</IFlags>
			<IParams></IParams>
			<FuzzyMode>0</FuzzyMode>
			<MinVal></MinVal>
			<MaxVal></MaxVal> 
			<UTFlags>1</UTFlags>
			<UType>1</UType>
		</Field>
		<Field>
			<Name>WEIGHT_MEASURE</Name>
			<SQLType>34</SQLType>
			<ABAPType>32</ABAPType>
			<TrexType>66</TrexType>
			<MdrsType>0</MdrsType>
			<Constr>1</Constr>
			<Offset>24</Offset>
			<Length>13</Length>
			<Scale>3</Scale>
			<OrdPos>14</OrdPos>
			<IdxInGrp>0</IdxInGrp>
			<Collat></Collat>
			<HasDefVal>1</HasDefVal>
			<DefVal>0</DefVal>
			<Descr>EPM: Weight Measure</Descr>
			<FieldId>215</FieldId> 
			<AttrType>AttributeType[FIXED]</AttrType> 
			<Group></Group>
			<IntDigs>10</IntDigs>
			<FractDigs>3 </FractDigs>
			<IFlags>1</IFlags>
			<IParams></IParams>
			<FuzzyMode>0</FuzzyMode>
			<MinVal></MinVal>
			<MaxVal></MaxVal> 
			<UTFlags>1</UTFlags>
			<UType>1</UType>
		</Field>
		<Field>
			<Name>WEIGHT_UNIT</Name>
			<SQLType>37</SQLType>
			<ABAPType>32</ABAPType>
			<TrexType>83</TrexType>
			<MdrsType>0</MdrsType>
			<Constr>1</Constr>
			<Offset>64</Offset>
			<Length>3</Length>
			<Scale>0</Scale>
			<OrdPos>15</OrdPos>
			<IdxInGrp>11</IdxInGrp>
			<Collat></Collat>
			<HasDefVal>1</HasDefVal>
			<DefVal></DefVal>
			<Descr>EPM: Weight Unit</Descr>
			<FieldId>216</FieldId> 
			<AttrType>AttributeType[STRING]</AttrType> 
			<Group></Group>
			<IntDigs>0</IntDigs>
			<FractDigs>0 </FractDigs>
			<IFlags>1</IFlags>
			<IParams></IParams>
			<FuzzyMode>0</FuzzyMode>
			<MinVal></MinVal>
			<MaxVal></MaxVal> 
			<UTFlags>1</UTFlags>
			<UType>1</UType>
		</Field>
		<Field>
			<Name>CURRENCY_CODE</Name>
			<SQLType>37</SQLType>
			<ABAPType>32</ABAPType>
			<TrexType>83</TrexType>
			<MdrsType>0</MdrsType>
			<Constr>1</Constr>
			<Offset>64</Offset>
			<Length>5</Length>
			<Scale>0</Scale>
			<OrdPos>16</OrdPos>
			<IdxInGrp>12</IdxInGrp>
			<Collat></Collat>
			<HasDefVal>1</HasDefVal>
			<DefVal></DefVal>
			<Descr>EPM: Currency Code</Descr>
			<FieldId>217</FieldId> 
			<AttrType>AttributeType[STRING]</AttrType> 
			<Group></Group>
			<IntDigs>0</IntDigs>
			<FractDigs>0 </FractDigs>
			<IFlags>1</IFlags>
			<IParams></IParams>
			<FuzzyMode>0</FuzzyMode>
			<MinVal></MinVal>
			<MaxVal></MaxVal> 
			<UTFlags>1</UTFlags>
			<UType>1</UType>
		</Field>
		<Field>
			<Name>PRICE</Name>
			<SQLType>34</SQLType>
			<ABAPType>32</ABAPType>
			<TrexType>66</TrexType>
			<MdrsType>0</MdrsType>
			<Constr>1</Constr>
			<Offset>31</Offset>
			<Length>15</Length>
			<Scale>2</Scale>
			<OrdPos>17</OrdPos>
			<IdxInGrp>0</IdxInGrp>
			<Collat></Collat>
			<HasDefVal>1</HasDefVal>
			<DefVal>0</DefVal>
			<Descr>EPM: Product Unit Price</Descr>
			<FieldId>218</FieldId> 
			<AttrType>AttributeType[FIXED]</AttrType> 
			<Group></Group>
			<IntDigs>13</IntDigs>
			<FractDigs>2 </FractDigs>
			<IFlags>1</IFlags>
			<IParams></IParams>
			<FuzzyMode>0</FuzzyMode>
			<MinVal></MinVal>
			<MaxVal></MaxVal> 
			<UTFlags>1</UTFlags>
			<UType>1</UType>
		</Field>
		<Field>
			<Name>PRODUCT_PIC_URL</Name>
			<SQLType>37</SQLType>
			<ABAPType>32</ABAPType>
			<TrexType>83</TrexType>
			<MdrsType>0</MdrsType>
			<Constr>1</Constr>
			<Offset>64</Offset>
			<Length>255</Length>
			<Scale>0</Scale>
			<OrdPos>18</OrdPos>
			<IdxInGrp>13</IdxInGrp>
			<Collat></Collat>
			<HasDefVal>1</HasDefVal>
			<DefVal></DefVal>
			<Descr>EPM: URI of Product Image</Descr>
			<FieldId>219</FieldId> 
			<AttrType>AttributeType[STRING]</AttrType> 
			<Group></Group>
			<IntDigs>0</IntDigs>
			<FractDigs>0 </FractDigs>
			<IFlags>1</IFlags>
			<IParams></IParams>
			<FuzzyMode>0</FuzzyMode>
			<MinVal></MinVal>
			<MaxVal></MaxVal> 
			<UTFlags>1</UTFlags>
			<UType>1</UType>
		</Field>
		<Field>
			<Name>WIDTH</Name>
			<SQLType>34</SQLType>
			<ABAPType>32</ABAPType>
			<TrexType>66</TrexType>
			<MdrsType>0</MdrsType>
			<Constr>1</Constr>
			<Offset>39</Offset>
			<Length>13</Length>
			<Scale>3</Scale>
			<OrdPos>19</OrdPos>
			<IdxInGrp>0</IdxInGrp>
			<Collat></Collat>
			<HasDefVal>1</HasDefVal>
			<DefVal>0</DefVal>
			<Descr>EPM: Width</Descr>
			<FieldId>220</FieldId> 
			<AttrType>AttributeType[FIXED]</AttrType> 
			<Group></Group>
			<IntDigs>10</IntDigs>
			<FractDigs>3 </FractDigs>
			<IFlags>1</IFlags>
			<IParams></IParams>
			<FuzzyMode>0</FuzzyMode>
			<MinVal></MinVal>
			<MaxVal></MaxVal> 
			<UTFlags>1</UTFlags>
			<UType>1</UType>
		</Field>
		<Field>
			<Name>DEPTH</Name>
			<SQLType>34</SQLType>
			<ABAPType>32</ABAPType>
			<TrexType>66</TrexType>
			<MdrsType>0</MdrsType>
			<Constr>1</Constr>
			<Offset>46</Offset>
			<Length>13</Length>
			<Scale>3</Scale>
			<OrdPos>20</OrdPos>
			<IdxInGrp>0</IdxInGrp>
			<Collat></Collat>
			<HasDefVal>1</HasDefVal>
			<DefVal>0</DefVal>
			<Descr>EPM: Depth</Descr>
			<FieldId>221</FieldId> 
			<AttrType>AttributeType[FIXED]</AttrType> 
			<Group></Group>
			<IntDigs>10</IntDigs>
			<FractDigs>3 </FractDigs>
			<IFlags>1</IFlags>
			<IParams></IParams>
			<FuzzyMode>0</FuzzyMode>
			<MinVal></MinVal>
			<MaxVal></MaxVal> 
			<UTFlags>1</UTFlags>
			<UType>1</UType>
		</Field>
		<Field>
			<Name>HEIGHT</Name>
			<SQLType>34</SQLType>
			<ABAPType>32</ABAPType>
			<TrexType>66</TrexType>
			<MdrsType>0</MdrsType>
			<Constr>1</Constr>
			<Offset>53</Offset>
			<Length>13</Length>
			<Scale>3</Scale>
			<OrdPos>21</OrdPos>
			<IdxInGrp>0</IdxInGrp>
			<Collat></Collat>
			<HasDefVal>1</HasDefVal>
			<DefVal>0</DefVal>
			<Descr>EPM: Height</Descr>
			<FieldId>222</FieldId> 
			<AttrType>AttributeType[FIXED]</AttrType> 
			<Group></Group>
			<IntDigs>10</IntDigs>
			<FractDigs>3 </FractDigs>
			<IFlags>1</IFlags>
			<IParams></IParams>
			<FuzzyMode>0</FuzzyMode>
			<MinVal></MinVal>
			<MaxVal></MaxVal> 
			<UTFlags>1</UTFlags>
			<UType>1</UType>
		</Field>
		<Field>
			<Name>DIM_UNIT</Name>
			<SQLType>37</SQLType>
			<ABAPType>32</ABAPType>
			<TrexType>83</TrexType>
			<MdrsType>0</MdrsType>
			<Constr>1</Constr>
			<Offset>64</Offset>
			<Length>3</Length>
			<Scale>0</Scale>
			<OrdPos>22</OrdPos>
			<IdxInGrp>14</IdxInGrp>
			<Collat></Collat>
			<HasDefVal>1</HasDefVal>
			<DefVal></DefVal>
			<Descr>EPM: Dimension Unit</Descr>
			<FieldId>223</FieldId> 
			<AttrType>AttributeType[STRING]</AttrType> 
			<Group></Group>
			<IntDigs>0</IntDigs>
			<FractDigs>0 </FractDigs>
			<IFlags>1</IFlags>
			<IParams></IParams>
			<FuzzyMode>0</FuzzyMode>
			<MinVal></MinVal>
			<MaxVal></MaxVal> 
			<UTFlags>1</UTFlags>
			<UType>1</UType>
		</Field>
		<Field>
			<Name>DUMMY_FIELD_PD</Name>
			<SQLType>37</SQLType>
			<ABAPType>32</ABAPType>
			<TrexType>83</TrexType>
			<MdrsType>0</MdrsType>
			<Constr>1</Constr>
			<Offset>64</Offset>
			<Length>1</Length>
			<Scale>0</Scale>
			<OrdPos>23</OrdPos>
			<IdxInGrp>15</IdxInGrp>
			<Collat></Collat>
			<HasDefVal>1</HasDefVal>
			<DefVal></DefVal>
			<Descr>Placeholder only, do not use.</Descr>
			<FieldId>224</FieldId> 
			<AttrType>AttributeType[STRING]</AttrType> 
			<Group></Group>
			<IntDigs>0</IntDigs>
			<FractDigs>0 </FractDigs>
			<IFlags>1</IFlags>
			<IParams></IParams>
			<FuzzyMode>0</FuzzyMode>
			<MinVal></MinVal>
			<MaxVal></MaxVal> 
			<UTFlags>1</UTFlags>
			<UType>1</UType>
		</Field>
		<Field>
			<Name>$trexexternalkey$</Name>
			<TrexType>83</TrexType>
			<FieldId>225</FieldId> 
			<AttrType>AttributeType[STRING]</AttrType> 
			<Group></Group>
			<IntDigs>0</IntDigs>
			<FractDigs>0 </FractDigs>
			<IFlags>145</IFlags>
			<IParams></IParams>
			<FuzzyMode>0</FuzzyMode>
			<MinVal></MinVal>
			<MaxVal></MaxVal> 
			<UTFlags>0</UTFlags>
			<UType>0</UType>
		</Field>
		<Field>
			<Name>$trex_udiv$</Name>
			<TrexType>73</TrexType>
			<FieldId>5</FieldId> 
			<AttrType>AttributeType[INTEGER]</AttrType> 
			<Group></Group>
			<IntDigs>0</IntDigs>
			<FractDigs>0 </FractDigs>
			<IFlags>16385</IFlags>
			<IParams></IParams>
			<FuzzyMode>0</FuzzyMode>
			<MinVal></MinVal>
			<MaxVal></MaxVal> 
			<UTFlags>0</UTFlags>
			<UType>0</UType>
		</Field>
		<Field>
			<Name>$rowid$</Name>
			<TrexType>66</TrexType>
			<FieldId>7</FieldId> 
			<AttrType>AttributeType[FIXED]</AttrType> 
			<Group></Group>
			<IntDigs>18</IntDigs>
			<FractDigs>0 </FractDigs>
			<IFlags>134217729</IFlags>
			<IParams></IParams>
			<FuzzyMode>0</FuzzyMode>
			<MinVal></MinVal>
			<MaxVal></MaxVal> 
			<UTFlags>0</UTFlags>
			<UType>0</UType>
		</Field>
		<Field>
			<Name>$uc_SNWD_PD~PID$</Name>
			<TrexType>83</TrexType>
			<FieldId>226</FieldId> 
			<AttrType>AttributeType[STRING]</AttrType> 
			<Group></Group>
			<IntDigs>0</IntDigs>
			<FractDigs>0 </FractDigs>
			<IFlags>145</IFlags>
			<IParams></IParams>
			<FuzzyMode>0</FuzzyMode>
			<MinVal></MinVal>
			<MaxVal></MaxVal> 
			<UTFlags>524290</UTFlags>
			<UType>524290</UType>
		</Field>
	</AllAttrs>
</Table>
